                  epoch,         train/box_loss,         train/cls_loss,         train/dfl_loss,   metrics/precision(B),      metrics/recall(B),       metrics/mAP50(B),    metrics/mAP50-95(B),           val/box_loss,           val/cls_loss,           val/dfl_loss,                 lr/pg0,                 lr/pg1,                 lr/pg2
                      1,                 0.9393,                 18.729,                0.93803,                0.00029,                    0.5,                0.01057,                0.00251,                 1.2219,                 35.734,                 1.4735,              0.0004638,              0.0004638,              0.0004638
                      2,                0.78872,                 20.803,                0.77856,                0.00072,                   0.75,                0.22637,                 0.1517,                 1.2434,                   35.2,                   1.54,             0.00090911,             0.00090911,             0.00090911
                      3,                 1.0119,                 17.823,                0.93659,                0.00055,                    0.5,                0.25132,                0.11292,                 1.1925,                 33.385,                 1.6292,               0.001323,               0.001323,               0.001323
